"code","description","name","code_type","order","tax_rate","id"
"AM","Ampoule","Ampoule","Packing Unit","1","0.0","l10n_ke_edi_oscu.code_17_AM"
"BA","Barrel","Barrel","Packing Unit","2","0.0","l10n_ke_edi_oscu.code_17_BA"
"BC","Bottlecrate","Bottlecrate","Packing Unit","3","0.0","l10n_ke_edi_oscu.code_17_BC"
"BE","Bundle","Bundle","Packing Unit","4","0.0","l10n_ke_edi_oscu.code_17_BE"
"BF","Balloon, non-protected","Balloon, non-protected","Packing Unit","5","0.0","l10n_ke_edi_oscu.code_17_BF"
"BG","Bag","Bag","Packing Unit","6","0.0","l10n_ke_edi_oscu.code_17_BG"
"BJ","Bucket","Bucket","Packing Unit","7","0.0","l10n_ke_edi_oscu.code_17_BJ"
"BK","Basket","Basket","Packing Unit","8","0.0","l10n_ke_edi_oscu.code_17_BK"
"BL","Bale","Bale","Packing Unit","9","0.0","l10n_ke_edi_oscu.code_17_BL"
"BQ","Bottle, protected cylindrical","Bottle, protected cylindrical","Packing Unit","10","0.0","l10n_ke_edi_oscu.code_17_BQ"
"BR","Bar","Bar","Packing Unit","11","0.0","l10n_ke_edi_oscu.code_17_BR"
"BV","Bottle, bulbous","Bottle, bulbous","Packing Unit","12","0.0","l10n_ke_edi_oscu.code_17_BV"
"BZ","Bag","Bag","Packing Unit","13","0.0","l10n_ke_edi_oscu.code_17_BZ"
"CA","Can","Can","Packing Unit","14","0.0","l10n_ke_edi_oscu.code_17_CA"
"CH","Chest","Chest","Packing Unit","15","0.0","l10n_ke_edi_oscu.code_17_CH"
"CJ","Coffin","Coffin","Packing Unit","16","0.0","l10n_ke_edi_oscu.code_17_CJ"
"CL","Coil","Coil","Packing Unit","17","0.0","l10n_ke_edi_oscu.code_17_CL"
"CR","Wooden Box, Wooden Case","Wooden Box, Wooden Case","Packing Unit","18","0.0","l10n_ke_edi_oscu.code_17_CR"
"CS","Cassette","Cassette","Packing Unit","19","0.0","l10n_ke_edi_oscu.code_17_CS"
"CT","Carton","Carton","Packing Unit","20","0.0","l10n_ke_edi_oscu.code_17_CT"
"CTN","Container","Container","Packing Unit","21","0.0","l10n_ke_edi_oscu.code_17_CTN"
"CY","Cylinder","Cylinder","Packing Unit","22","0.0","l10n_ke_edi_oscu.code_17_CY"
"DR","Drum","Drum","Packing Unit","23","0.0","l10n_ke_edi_oscu.code_17_DR"
"GT","Extra Countable Item","Extra Countable Item","Packing Unit","24","0.0","l10n_ke_edi_oscu.code_17_GT"
"HH","Hand Baggage","Hand Baggage","Packing Unit","25","0.0","l10n_ke_edi_oscu.code_17_HH"
"IZ","Ingots","Ingots","Packing Unit","26","0.0","l10n_ke_edi_oscu.code_17_IZ"
"JR","Jar","Jar","Packing Unit","27","0.0","l10n_ke_edi_oscu.code_17_JR"
"JU","Jug","Jug","Packing Unit","28","0.0","l10n_ke_edi_oscu.code_17_JU"
"JY","Jerry CAN Cylindrical","Jerry CAN Cylindrical","Packing Unit","29","0.0","l10n_ke_edi_oscu.code_17_JY"
"KZ","Canester","Canester","Packing Unit","30","0.0","l10n_ke_edi_oscu.code_17_KZ"
"LZ","Logs, in bundle/bunch/truss","Logs, in bundle/bunch/truss","Packing Unit","31","0.0","l10n_ke_edi_oscu.code_17_LZ"
"NT","Net","Net","Packing Unit","32","0.0","l10n_ke_edi_oscu.code_17_NT"
"OU","Non-Exterior Packaging Unit","Non-Exterior Packaging Unit","Packing Unit","33","0.0","l10n_ke_edi_oscu.code_17_OU"
"PD","Poddon","Poddon","Packing Unit","34","0.0","l10n_ke_edi_oscu.code_17_PD"
"PG","Plate","Plate","Packing Unit","35","0.0","l10n_ke_edi_oscu.code_17_PG"
"PI","Pipe","Pipe","Packing Unit","36","0.0","l10n_ke_edi_oscu.code_17_PI"
"PO","Pilot","Pilot","Packing Unit","37","0.0","l10n_ke_edi_oscu.code_17_PO"
"PU","Traypack","Traypack","Packing Unit","38","0.0","l10n_ke_edi_oscu.code_17_PU"
"RL","Reel","Reel","Packing Unit","39","0.0","l10n_ke_edi_oscu.code_17_RL"
"RO","Roll","Roll","Packing Unit","40","0.0","l10n_ke_edi_oscu.code_17_RO"
"RZ","Rods, in bundle/bunch/truss","Rods, in bundle/bunch/truss","Packing Unit","41","0.0","l10n_ke_edi_oscu.code_17_RZ"
"SK","Skeletoncase","Skeletoncase","Packing Unit","42","0.0","l10n_ke_edi_oscu.code_17_SK"
"TY","Tank, cylindrical","Tank, cylindrical","Packing Unit","43","0.0","l10n_ke_edi_oscu.code_17_TY"
"VG","Bulk,gas(at 1031 mbar 15 oC)","Bulk,gas(at 1031 mbar 15 oC)","Packing Unit","44","0.0","l10n_ke_edi_oscu.code_17_VG"
"VL","Bulk,liquid(at normal temperature/pressure)","Bulk,liquid(at normal temperature/pressure)","Packing Unit","45","0.0","l10n_ke_edi_oscu.code_17_VL"
"VO","Bulk, solid, large particles(""nodules"")","Bulk, solid, large particles(nodules)","Packing Unit","46","0.0","l10n_ke_edi_oscu.code_17_VO"
"VQ","Bulk, gas(liquefied at abnormal temperature/pressure)","Bulk, gas (liquefied at abnormal temperature/pressure)","Packing Unit","47","0.0","l10n_ke_edi_oscu.code_17_VQ"
"VR","Bulk, solid, granular particles(""grains"")","Bulk, solid, granular particles(grains)","Packing Unit","48","0.0","l10n_ke_edi_oscu.code_17_VR"
"VT","Extra Bulk Item","Extra Bulk Item","Packing Unit","49","0.0","l10n_ke_edi_oscu.code_17_VT"
"VY","Bulk, fine particles(""powder"")","Bulk, fine particles(powder)","Packing Unit","50","0.0","l10n_ke_edi_oscu.code_17_VY"
"ML","cigarette Mills","Mills","Packing Unit","51","0.0","l10n_ke_edi_oscu.code_17_ML"
"TN","1TAN REFER TO 20BAGS","TAN","Packing Unit","52","0.0","l10n_ke_edi_oscu.code_17_TN"
"4B","Pair","Pair","Quantity Unit","1","0.0","l10n_ke_edi_oscu.code_10_4B"
"AV","Cap","Cap","Quantity Unit","2","0.0","l10n_ke_edi_oscu.code_10_AV"
"BA","Barrel","Barrel","Quantity Unit","3","0.0","l10n_ke_edi_oscu.code_10_BA"
"BE","bundle","bundle","Quantity Unit","4","0.0","l10n_ke_edi_oscu.code_10_BE"
"BG","bag","bag","Quantity Unit","5","0.0","l10n_ke_edi_oscu.code_10_BG"
"BL","block","block","Quantity Unit","6","0.0","l10n_ke_edi_oscu.code_10_BL"
"BLL","BLL Barrel (petroleum) (158,987 dm3)","BLL Barrel (petroleum) (158,987 dm3)","Quantity Unit","7","0.0","l10n_ke_edi_oscu.code_10_BLL"
"BX","box","box","Quantity Unit","8","0.0","l10n_ke_edi_oscu.code_10_BX"
"CA","Can","Can","Quantity Unit","9","0.0","l10n_ke_edi_oscu.code_10_CA"
"CEL","Cell","Cell","Quantity Unit","10","0.0","l10n_ke_edi_oscu.code_10_CEL"
"CMT","centimetre","centimetre","Quantity Unit","11","0.0","l10n_ke_edi_oscu.code_10_CMT"
"CR","CARAT","CARAT","Quantity Unit","12","0.0","l10n_ke_edi_oscu.code_10_CR"
"DR","Drum","Drum","Quantity Unit","13","0.0","l10n_ke_edi_oscu.code_10_DR"
"DZ","Dozen","Dozen","Quantity Unit","14","0.0","l10n_ke_edi_oscu.code_10_DZ"
"GLL","Gallon","Gallon","Quantity Unit","15","0.0","l10n_ke_edi_oscu.code_10_GLL"
"GRM","Gram","Gram","Quantity Unit","16","0.0","l10n_ke_edi_oscu.code_10_GRM"
"GRO","Gross","Gross","Quantity Unit","17","0.0","l10n_ke_edi_oscu.code_10_GRO"
"KG","Kilo-Gramme","Kilo-Gramme","Quantity Unit","18","0.0","l10n_ke_edi_oscu.code_10_KG"
"KTM","kilometre","kilometre","Quantity Unit","19","0.0","l10n_ke_edi_oscu.code_10_KTM"
"KWT","kilowatt","kilowatt","Quantity Unit","20","0.0","l10n_ke_edi_oscu.code_10_KWT"
"L","Litre","Litre","Quantity Unit","21","0.0","l10n_ke_edi_oscu.code_10_L"
"LBR","pound","pound","Quantity Unit","22","0.0","l10n_ke_edi_oscu.code_10_LBR"
"LK","link","link","Quantity Unit","23","0.0","l10n_ke_edi_oscu.code_10_LK"
"LTR","Litre","Litre","Quantity Unit","24","0.0","l10n_ke_edi_oscu.code_10_LTR"
"M","Metre","Metre","Quantity Unit","25","0.0","l10n_ke_edi_oscu.code_10_M"
"M2","Square Metre","Square Metre","Quantity Unit","26","0.0","l10n_ke_edi_oscu.code_10_M2"
"M3","Cubic Metre","Cubic Metre","Quantity Unit","27","0.0","l10n_ke_edi_oscu.code_10_M3"
"MGM","milligram","milligram","Quantity Unit","28","0.0","l10n_ke_edi_oscu.code_10_MGM"
"MTR","metre","metre","Quantity Unit","29","0.0","l10n_ke_edi_oscu.code_10_MTR"
"MWT","megawatt hour (1000 kW.h)","megawatt hour (1000 kW.h)","Quantity Unit","30","0.0","l10n_ke_edi_oscu.code_10_MWT"
"NO","Number","Number","Quantity Unit","31","0.0","l10n_ke_edi_oscu.code_10_NO"
"NX","part per thousand","part per thousand","Quantity Unit","32","0.0","l10n_ke_edi_oscu.code_10_NX"
"PA","packet","packet","Quantity Unit","33","0.0","l10n_ke_edi_oscu.code_10_PA"
"PG","plate","plate","Quantity Unit","34","0.0","l10n_ke_edi_oscu.code_10_PG"
"PR","pair","pair","Quantity Unit","35","0.0","l10n_ke_edi_oscu.code_10_PR"
"RL","reel","reel","Quantity Unit","36","0.0","l10n_ke_edi_oscu.code_10_RL"
"RO","roll","roll","Quantity Unit","37","0.0","l10n_ke_edi_oscu.code_10_RO"
"SET","set","set","Quantity Unit","38","0.0","l10n_ke_edi_oscu.code_10_SET"
"ST","sheet","sheet","Quantity Unit","39","0.0","l10n_ke_edi_oscu.code_10_ST"
"TNE","tonne (metric ton)","tonne (metric ton)","Quantity Unit","40","0.0","l10n_ke_edi_oscu.code_10_TNE"
"TU","tube","tube","Quantity Unit","41","0.0","l10n_ke_edi_oscu.code_10_TU"
"U","Pieces/item [Number]","Pieces/item [Number]","Quantity Unit","42","0.0","l10n_ke_edi_oscu.code_10_U"
"YRD","yard","yard","Quantity Unit","43","0.0","l10n_ke_edi_oscu.code_10_YRD"
"A","A-Exempt","A-Exempt","Taxation Type","1","0.0","l10n_ke_edi_oscu.code_04_A"
"B","B-Standard Rated","B-Standard Rated","Taxation Type","2","16.0","l10n_ke_edi_oscu.code_04_B"
"C","C-Zero Rated","C-Zero Rated","Taxation Type","3","0.0","l10n_ke_edi_oscu.code_04_C"
"D","D-Non VAT","D-Non VAT","Taxation Type","5","0.0","l10n_ke_edi_oscu.code_04_D"
"E","E-VAT 8%","E-VAT 8%","Taxation Type","4","8.0","l10n_ke_edi_oscu.code_04_E"
"01","CASH","CASH","Payment Type","1","0.0","l10n_ke_edi_oscu.code_07_01"
"02","CREDIT","CREDIT","Payment Type","2","0.0","l10n_ke_edi_oscu.code_07_02"
"03","CASH/CREDIT","CASH/CREDIT","Payment Type","3","0.0","l10n_ke_edi_oscu.code_07_03"
"04","BANK CHECK PAYMENT","BANK CHECK","Payment Type","4","0.0","l10n_ke_edi_oscu.code_07_04"
"05","PAYMENT USING CARD","DEBIT&CREDIT CARD","Payment Type","5","0.0","l10n_ke_edi_oscu.code_07_05"
"06","ANY TRANSACTION USING MOBILE MONEY SYSTEM","MOBILE MONEY","Payment Type","6","0.0","l10n_ke_edi_oscu.code_07_06"
"07","OTHER MEANS OF PAYMENT","OTHER","Payment Type","7","0.0","l10n_ke_edi_oscu.code_07_07"
"01",,"Open","Branch Status","1","0.0","l10n_ke_edi_oscu.code_09_01"
"02",,"Closed","Branch Status","2","0.0","l10n_ke_edi_oscu.code_09_02"
"01",,"Wait for Approval","Sale Status","1","0.0","l10n_ke_edi_oscu.code_11_01"
"02",,"Approved","Sale Status","2","0.0","l10n_ke_edi_oscu.code_11_02"
"03",,"Cancel Requested","Sale Status","3","0.0","l10n_ke_edi_oscu.code_11_03"
"04",,"Canceled","Sale Status","4","0.0","l10n_ke_edi_oscu.code_11_04"
"05",,"Refunded","Sale Status","5","0.0","l10n_ke_edi_oscu.code_11_05"
"06",,"Transferred","Sale Status","6","0.0","l10n_ke_edi_oscu.code_11_06"
"01",,"Import","Stock I/O Type","1","0.0","l10n_ke_edi_oscu.code_12_01"
"02",,"Purchase","Stock I/O Type","2","0.0","l10n_ke_edi_oscu.code_12_02"
"03",,"Return","Stock I/O Type","3","0.0","l10n_ke_edi_oscu.code_12_03"
"04",,"Stock Movement","Stock I/O Type","4","0.0","l10n_ke_edi_oscu.code_12_04"
"05",,"Processing","Stock I/O Type","5","0.0","l10n_ke_edi_oscu.code_12_05"
"06",,"Adjustment","Stock I/O Type","6","0.0","l10n_ke_edi_oscu.code_12_06"
"11",,"Sale","Stock I/O Type","11","0.0","l10n_ke_edi_oscu.code_12_11"
"12",,"Return","Stock I/O Type","12","0.0","l10n_ke_edi_oscu.code_12_12"
"13",,"Stock Movement","Stock I/O Type","13","0.0","l10n_ke_edi_oscu.code_12_13"
"14",,"Processing","Stock I/O Type","14","0.0","l10n_ke_edi_oscu.code_12_14"
"15",,"Discarding","Stock I/O Type","15","0.0","l10n_ke_edi_oscu.code_12_15"
"16",,"Adjustment","Stock I/O Type","16","0.0","l10n_ke_edi_oscu.code_12_16"
"C","Copy","Copy","Transaction Type","1","0.0","l10n_ke_edi_oscu.code_14_C"
"N","Normal","Normal","Transaction Type","2","0.0","l10n_ke_edi_oscu.code_14_N"
"P","Proforma","Proforma","Transaction Type","3","0.0","l10n_ke_edi_oscu.code_14_P"
"T","Training","Training","Transaction Type","4","0.0","l10n_ke_edi_oscu.code_14_T"
"1","Raw Material","Raw Material","Item Type","1","0.0","l10n_ke_edi_oscu.code_24_1"
"2","Finished Product","Finished Product","Item Type","2","0.0","l10n_ke_edi_oscu.code_24_2"
"3","Service without stock","Service","Item Type","3","0.0","l10n_ke_edi_oscu.code_24_3"
"1",,"Unsent","Import Item Status","1","0.0","l10n_ke_edi_oscu.code_26_1"
"2",,"Waiting","Import Item Status","2","0.0","l10n_ke_edi_oscu.code_26_2"
"3",,"Approved","Import Item Status","3","0.0","l10n_ke_edi_oscu.code_26_3"
"4",,"Cancelled","Import Item Status","4","0.0","l10n_ke_edi_oscu.code_26_4"
"01",,"Missing Quantity","Refund Reason","1","0.0","l10n_ke_edi_oscu.code_32_01"
"02",,"Missing Waiting","Refund Reason","2","0.0","l10n_ke_edi_oscu.code_32_02"
"03",,"Damaged","Refund Reason","3","0.0","l10n_ke_edi_oscu.code_32_03"
"04",,"Wasted","Refund Reason","4","0.0","l10n_ke_edi_oscu.code_32_04"
"05",,"Raw Material Shortage","Refund Reason","5","0.0","l10n_ke_edi_oscu.code_32_05"
"06",,"Refund","Refund Reason","6","0.0","l10n_ke_edi_oscu.code_32_06"
"07",,"Wrong Customer PIN","Refund Reason","7","0.0","l10n_ke_edi_oscu.code_32_07"
"08",,"Wrong Customer name","Refund Reason","8","0.0","l10n_ke_edi_oscu.code_32_08"
"09",,"Wrong Amount/price","Refund Reason","9","0.0","l10n_ke_edi_oscu.code_32_09"
"10",,"Wrong Quantity","Refund Reason","10","0.0","l10n_ke_edi_oscu.code_32_10"
"11",,"Wrong Item(s)","Refund Reason","11","0.0","l10n_ke_edi_oscu.code_32_11"
"12",,"Wrong tax type","Refund Reason","12","0.0","l10n_ke_edi_oscu.code_32_12"
"13",,"Other reason","Refund Reason","13","0.0","l10n_ke_edi_oscu.code_32_13"
"01",,"Wait for Approval","Purchase Status","1","0.0","l10n_ke_edi_oscu.code_34_01"
"02",,"Approved","Purchase Status","2","0.0","l10n_ke_edi_oscu.code_34_02"
"03",,"Cancel Requested","Purchase Status","3","0.0","l10n_ke_edi_oscu.code_34_03"
"04",,"Canceled","Purchase Status","4","0.0","l10n_ke_edi_oscu.code_34_04"
"05",,"Refunded","Purchase Status","5","0.0","l10n_ke_edi_oscu.code_34_05"
"06",,"Transferred","Purchase Status","6","0.0","l10n_ke_edi_oscu.code_34_06"
"01",,"Cargo Transit Out","Reason of Inventory Adjustment","1","0.0","l10n_ke_edi_oscu.code_35_01"
"02",,"Cargo Transit In","Reason of Inventory Adjustment","2","0.0","l10n_ke_edi_oscu.code_35_02"
"03",,"Adjustment In","Reason of Inventory Adjustment","3","0.0","l10n_ke_edi_oscu.code_35_03"
"04",,"Adjustment Out","Reason of Inventory Adjustment","4","0.0","l10n_ke_edi_oscu.code_35_04"
"05",,"Discarding","Reason of Inventory Adjustment","5","0.0","l10n_ke_edi_oscu.code_35_05"
"06",,"Processing Raw","Reason of Inventory Adjustment","6","0.0","l10n_ke_edi_oscu.code_35_06"
"07",,"Processing Result","Reason of Inventory Adjustment","7","0.0","l10n_ke_edi_oscu.code_35_07"
"1","MAYFAIR BANK LIMITED","MAYFAIR BANK LIMITED","Bank","1","0.0","l10n_ke_edi_oscu.code_36_1"
"2","M-PAYMENT","M-PAYMENT","Bank","2","0.0","l10n_ke_edi_oscu.code_36_2"
"3","KENYA POST OFFICE SAVINGS BANK","KENYA POST OFFICE SAVINGS BANK","Bank","3","0.0","l10n_ke_edi_oscu.code_36_3"
"4","FIRST COMMUNITY BANKS LIMITED","FIRST COMMUNITY BANKS LIMITED","Bank","4","0.0","l10n_ke_edi_oscu.code_36_4"
"5","GULF AFRICAN BANK LTD","GULF AFRICAN BANK LTD","Bank","5","0.0","l10n_ke_edi_oscu.code_36_5"
"6","FAMILY BANK LTD","FAMILY BANK LTD","Bank","6","0.0","l10n_ke_edi_oscu.code_36_6"
"7","EQUITY BANK LIMITED","EQUITY BANK LIMITED","Bank","7","0.0","l10n_ke_edi_oscu.code_36_7"
"8","SIDIAN BANK LIMITED","SIDIAN BANK LIMITED","Bank","8","0.0","l10n_ke_edi_oscu.code_36_8"
"9","DIAMOND TRUST BANK LIMITED","DIAMOND TRUST BANK LIMITED","Bank","9","0.0","l10n_ke_edi_oscu.code_36_9"
"10","HOUSING FINANCE BANK","HOUSING FINANCE BANK","Bank","10","0.0","l10n_ke_edi_oscu.code_36_10"
"11","SBM BANK (KENYA) LIMITED","SBM BANK (KENYA) LIMITED","Bank","11","0.0","l10n_ke_edi_oscu.code_36_11"
"12","DEVELOPMENT BANK OF KENYA LIMITED","DEVELOPMENT BANK OF KENYA LIMITED","Bank","12","0.0","l10n_ke_edi_oscu.code_36_12"
"13","I&M BANK LIMITED","I&M BANK LIMITED","Bank","13","0.0","l10n_ke_edi_oscu.code_36_13"
"14","GUARDIAN BANK LIMITED","GUARDIAN BANK LIMITED","Bank","14","0.0","l10n_ke_edi_oscu.code_36_14"
"15","VICTORIA COMMERCIAL BANK LIMITED","VICTORIA COMMERCIAL BANK LIMITED","Bank","15","0.0","l10n_ke_edi_oscu.code_36_15"
"16","GUARANTY TRUST BANK KENYA LIMITED","GUARANTY TRUST BANK KENYA LIMITED","Bank","16","0.0","l10n_ke_edi_oscu.code_36_16"
"17","JAMII BORA BANK","JAMII BORA BANK","Bank","17","0.0","l10n_ke_edi_oscu.code_36_17"
"18","PARAMOUNT UNIVERSAL BANK LIMITED","PARAMOUNT UNIVERSAL BANK LIMITED","Bank","18","0.0","l10n_ke_edi_oscu.code_36_18"
"19","EQUATORIAL COMMERCIAL HOLDING LIMITED","EQUATORIAL COMMERCIAL HOLDING LIMITED","Bank","19","0.0","l10n_ke_edi_oscu.code_36_19"
"20","GIRO COMMERCIAL BANK LIMITED","GIRO COMMERCIAL BANK LIMITED","Bank","20","0.0","l10n_ke_edi_oscu.code_36_20"
"21","NIC BANK LIMITED","NIC BANK LIMITED","Bank","21","0.0","l10n_ke_edi_oscu.code_36_21"
"22","IMPERIAL BANK LIMITED","IMPERIAL BANK LIMITED","Bank","22","0.0","l10n_ke_edi_oscu.code_36_22"
"23","CFC STANBIC BANK KENYA LIMITED","CFC STANBIC BANK KENYA LIMITED","Bank","23","0.0","l10n_ke_edi_oscu.code_36_23"
"24","CHASE BANK LIMITED","CHASE BANK LIMITED","Bank","24","0.0","l10n_ke_edi_oscu.code_36_24"
"25","ACCESS BANK (KENYA) PLC","ACCESS BANK (KENYA) PLC","Bank","25","0.0","l10n_ke_edi_oscu.code_36_25"
"26","CREDIT BANK LIMITED","CREDIT BANK LIMITED","Bank","26","0.0","l10n_ke_edi_oscu.code_36_26"
"27","CONSOLIDATED BANK OF KENYA LIMITED","CONSOLIDATED BANK OF KENYA LIMITED","Bank","27","0.0","l10n_ke_edi_oscu.code_36_27"
"28","DUBAI BANK KENYA LIMITED","DUBAI BANK KENYA LIMITED","Bank","28","0.0","l10n_ke_edi_oscu.code_36_28"
"29","BANK OF AFRICA KENYA LIMITED","BANK OF AFRICA KENYA LIMITED","Bank","29","0.0","l10n_ke_edi_oscu.code_36_29"
"30","MIDDLE EAST BANK KENYA LIMITED","MIDDLE EAST BANK KENYA LIMITED","Bank","30","0.0","l10n_ke_edi_oscu.code_36_30"
"31","HABIB BANK A.G. ZURICH","HABIB BANK A.G. ZURICH","Bank","31","0.0","l10n_ke_edi_oscu.code_36_31"
"32","CITIBANK N.A.","CITIBANK N.A.","Bank","32","0.0","l10n_ke_edi_oscu.code_36_32"
"33","ORIENTAL COMMERCIAL BANK LIMITED","ORIENTAL COMMERCIAL BANK LIMITED","Bank","33","0.0","l10n_ke_edi_oscu.code_36_33"
"34","NATIONAL BANK OF KENYA LTD","NATIONAL BANK OF KENYA LTD","Bank","34","0.0","l10n_ke_edi_oscu.code_36_34"
"35","PRIME BANK LIMITED","PRIME BANK LIMITED","Bank","35","0.0","l10n_ke_edi_oscu.code_36_35"
"36","CENTRAL BANK OF KENYA","CENTRAL BANK OF KENYA","Bank","36","0.0","l10n_ke_edi_oscu.code_36_36"
"37","HABIB BANK LIMITED","HABIB BANK LIMITED","Bank","37","0.0","l10n_ke_edi_oscu.code_36_37"
"38","COMMERCIAL BANK OF AFRICA LIMITED","COMMERCIAL BANK OF AFRICA LIMITED","Bank","38","0.0","l10n_ke_edi_oscu.code_36_38"
"39","BANK OF BARODA KENYA LIMITED","BANK OF BARODA KENYA LIMITED","Bank","39","0.0","l10n_ke_edi_oscu.code_36_39"
"40","BANK OF INDIA","BANK OF INDIA","Bank","40","0.0","l10n_ke_edi_oscu.code_36_40"
"41","ABSA BANK KENYA PLC","ABSA BANK KENYA PLC","Bank","41","0.0","l10n_ke_edi_oscu.code_36_41"
"42","STANDARD CHARTERED BANK KENYA LIMITED","STANDARD CHARTERED BANK KENYA LIMITED","Bank","42","0.0","l10n_ke_edi_oscu.code_36_42"
"43","KENYA COMMERCIAL BANK LTD","KENYA COMMERCIAL BANK LTD","Bank","43","0.0","l10n_ke_edi_oscu.code_36_43"
"44","AFRICAN BANKING CORP BANK LTD","AFRICAN BANKING CORP BANK LTD","Bank","44","0.0","l10n_ke_edi_oscu.code_36_44"
"45","ECO BANK LIMITED","ECO BANK LIMITED","Bank","45","0.0","l10n_ke_edi_oscu.code_36_45"
"46","UBA KENYA BANK LTD","UBA KENYA BANK LTD","Bank","46","0.0","l10n_ke_edi_oscu.code_36_46"
"47","CO-OPERATIVE BANK OF KENYA LIMITED","CO-OPERATIVE BANK OF KENYA LIMITED","Bank","47","0.0","l10n_ke_edi_oscu.code_36_47"
"S","Invoice","Invoice","Sales Receipt Type","10","0.0","l10n_ke_edi_oscu.code_37_S"
"R","Credit Note","Credit Note","Sales Receipt Type","11","0.0","l10n_ke_edi_oscu.code_37_R"
"P","Invoice","Invoice","Purchase Receipt Type","1","0.0","l10n_ke_edi_oscu.code_38_P"
"R","Credit Note","Credit Note","Purchase Receipt Type","2","0.0","l10n_ke_edi_oscu.code_38_R"
"52",,"Head Quarters","Tax Office","2","0.0","l10n_ke_edi_oscu.code_45_52"
"18",,"KITUI","Tax Office","4","0.0","l10n_ke_edi_oscu.code_45_18"
"37",,"SAMBURU","Tax Office","5","0.0","l10n_ke_edi_oscu.code_45_37"
"19",,"KWALE","Tax Office","6","0.0","l10n_ke_edi_oscu.code_45_19"
"25",,"MARSABIT","Tax Office","7","0.0","l10n_ke_edi_oscu.code_45_25"
"27",,"MIGORI","Tax Office","8","0.0","l10n_ke_edi_oscu.code_45_27"
"32",,"NANDI","Tax Office","10","0.0","l10n_ke_edi_oscu.code_45_32"
"33",,"NAROK","Tax Office","11","0.0","l10n_ke_edi_oscu.code_45_33"
"34",,"NYAMIRA","Tax Office","12","0.0","l10n_ke_edi_oscu.code_45_34"
"38",,"SIAYA","Tax Office","13","0.0","l10n_ke_edi_oscu.code_45_38"
"16",,"West of Nairobi","Tax Office","15","0.0","l10n_ke_edi_oscu.code_45_16"
"60",,"LODWAR","Tax Office","16","0.0","l10n_ke_edi_oscu.code_45_60"
"14",,"Thika","Tax Office","17","0.0","l10n_ke_edi_oscu.code_45_14"
"13",,"South of Nairobi","Tax Office","19","0.0","l10n_ke_edi_oscu.code_45_13"
"45",,"VIHIGA","Tax Office","20","0.0","l10n_ke_edi_oscu.code_45_45"
"20",,"LAIKIPIA","Tax Office","21","0.0","l10n_ke_edi_oscu.code_45_20"
"23",,"MAKUENI","Tax Office","22","0.0","l10n_ke_edi_oscu.code_45_23"
"35",,"NYANDARUA","Tax Office","23","0.0","l10n_ke_edi_oscu.code_45_35"
"39",,"TAITA TAVETA","Tax Office","24","0.0","l10n_ke_edi_oscu.code_45_39"
"40",,"TANA RIVER","Tax Office","25","0.0","l10n_ke_edi_oscu.code_45_40"
"42",,"TRANS NZOIA","Tax Office","26","0.0","l10n_ke_edi_oscu.code_45_42"
"43",,"TURKANA","Tax Office","28","0.0","l10n_ke_edi_oscu.code_45_43"
"44",,"UASIN GISHU","Tax Office","29","0.0","l10n_ke_edi_oscu.code_45_44"
"47",,"WEST POKOT","Tax Office","30","0.0","l10n_ke_edi_oscu.code_45_47"
"29",,"Murang'a","Tax Office","31","0.0","l10n_ke_edi_oscu.code_45_29"
"41",,"Tharaka-Nithi","Tax Office","32","0.0","l10n_ke_edi_oscu.code_45_41"
"12",,"North of Nairobi","Tax Office","36","0.0","l10n_ke_edi_oscu.code_45_12"
"36",,"Nyeri","Tax Office","37","0.0","l10n_ke_edi_oscu.code_45_36"
"10",,"Mombasa South","Tax Office","40","0.0","l10n_ke_edi_oscu.code_45_10"
"9",,"Mombasa North","Tax Office","41","0.0","l10n_ke_edi_oscu.code_45_9"
"26",,"Meru","Tax Office","42","0.0","l10n_ke_edi_oscu.code_45_26"
"8",,"Malindi","Tax Office","43","0.0","l10n_ke_edi_oscu.code_45_8"
"22",,"Machakos","Tax Office","44","0.0","l10n_ke_edi_oscu.code_45_22"
"17",,"Kisumu","Tax Office","45","0.0","l10n_ke_edi_oscu.code_45_17"
"7",,"Kisii","Tax Office","46","0.0","l10n_ke_edi_oscu.code_45_7"
"6",,"Kakamega","Tax Office","47","0.0","l10n_ke_edi_oscu.code_45_6"
"95",,"PREMIER TAX OFFICE","Tax Office","48","0.0","l10n_ke_edi_oscu.code_45_95"
"59",,"EASTLEIGH","Tax Office","49","0.0","l10n_ke_edi_oscu.code_45_59"
"2",,"East of Nairobi","Tax Office","50","0.0","l10n_ke_edi_oscu.code_45_2"
"3",,"Eldoret","Tax Office","51","0.0","l10n_ke_edi_oscu.code_45_3"
"4",,"Embu","Tax Office","52","0.0","l10n_ke_edi_oscu.code_45_4"
"1",,"BUNGOMA","Tax Office","54","0.0","l10n_ke_edi_oscu.code_45_1"
"5",,"GARISSA","Tax Office","55","0.0","l10n_ke_edi_oscu.code_45_5"
"24",,"MANDERA","Tax Office","57","0.0","l10n_ke_edi_oscu.code_45_24"
"49",,"LTO","Tax Office","61","0.0","l10n_ke_edi_oscu.code_45_49"
"50",,"MTO","Tax Office","62","0.0","l10n_ke_edi_oscu.code_45_50"
"68",,"KRAHP","Tax Office","66","0.0","l10n_ke_edi_oscu.code_45_68"
"70",,"PUBLIC SECTOR DIVISION","Tax Office","68","0.0","l10n_ke_edi_oscu.code_45_70"
"15",,"VOI","Tax Office","69","0.0","l10n_ke_edi_oscu.code_45_15"
"51",,"KERICHO","Tax Office","80","0.0","l10n_ke_edi_oscu.code_45_51"
"31",,"NAKURU","Tax Office","81","0.0","l10n_ke_edi_oscu.code_45_31"
"86",,"KERUGOYA","Tax Office","82","0.0","l10n_ke_edi_oscu.code_45_86"
"87",,"MURANGA","Tax Office","83","0.0","l10n_ke_edi_oscu.code_45_87"
"88",,"NANYUKI","Tax Office","84","0.0","l10n_ke_edi_oscu.code_45_88"
"89",,"KIAMBU","Tax Office","85","0.0","l10n_ke_edi_oscu.code_45_89"
"83",,"KITALE","Tax Office","86","0.0","l10n_ke_edi_oscu.code_45_83"
"64",,"ISIOLO","Tax Office","87","0.0","l10n_ke_edi_oscu.code_45_64"
"90",,"KAJIADO","Tax Office","88","0.0","l10n_ke_edi_oscu.code_45_90"
"91",,"KITUI","Tax Office","89","0.0","l10n_ke_edi_oscu.code_45_91"
"92",,"MOYALE","Tax Office","90","0.0","l10n_ke_edi_oscu.code_45_92"
"46",,"WAJIR","Tax Office","91","0.0","l10n_ke_edi_oscu.code_45_46"
"85",,"MARALAL","Tax Office","92","0.0","l10n_ke_edi_oscu.code_45_85"
"61",,"NAIVASHA","Tax Office","93","0.0","l10n_ke_edi_oscu.code_45_61"
"67",,"NAROK","Tax Office","94","0.0","l10n_ke_edi_oscu.code_45_67"
"84",,"NYAHURURU","Tax Office","95","0.0","l10n_ke_edi_oscu.code_45_84"
"93",,"HOMABAY","Tax Office","96","0.0","l10n_ke_edi_oscu.code_45_93"
"94",,"BUSIA","Tax Office","97","0.0","l10n_ke_edi_oscu.code_45_94"
"21",,"LAMU","Tax Office","98","0.0","l10n_ke_edi_oscu.code_45_21"
"99",,"DIANI","Tax Office","99","0.0","l10n_ke_edi_oscu.code_45_99"
"en_GB",,"English","Locale","1","0.0","l10n_ke_edi_oscu.code_48_en_GB"
"en_sw",,"Kiswahili","Locale","2","0.0","l10n_ke_edi_oscu.code_48_en_sw"
"fr_FR",,"French","Locale","3","0.0","l10n_ke_edi_oscu.code_48_fr_FR"
"ko_KR",,"???","Locale","4","0.0","l10n_ke_edi_oscu.code_48_ko_KR"
"1",,"Sagement","Category Level","1","0.0","l10n_ke_edi_oscu.code_49_1"
"2",,"Family","Category Level","2","0.0","l10n_ke_edi_oscu.code_49_2"
"3",,"Class","Category Level","3","0.0","l10n_ke_edi_oscu.code_49_3"
"4",,"Commodity","Category Level","4","0.0","l10n_ke_edi_oscu.code_49_4"
